iodepth: 1,iops :18
iodepth: 1,iops :18
iodepth: 2,iops :18
iodepth: 4,iops :18
iodepth: 8,iops :18
iodepth: 16,iops :18
iodepth: 32,iops :18
iodepth: 64,iops :18
iodepth: 128,iops :18
iodepth: 256,iops :18
iodepth: 512,iops :18
iodepth: 1024,iops :18
iodepth: 2048,iops :18
iodepth: 4096,iops :18
iodepth: 1,iops :18
iodepth: 2,iops :18
iodepth: 4,iops :18
iodepth: 8,iops :18
iodepth: 16,iops :18
iodepth: 32,iops :18
iodepth: 64,iops :18
iodepth: 128,iops :18
iodepth: 256,iops :18
iodepth: 512,iops :18
iodepth: 1024,iops :18
iodepth: 2048,iops :18
iodepth: 4096,iops :18
iodepth: 1,iops :
iodepth: 2,iops :
iodepth: 4,iops :
iodepth: 8,iops :
iodepth: 16,iops :
iodepth: 32,iops :
iodepth: 64,iops :
iodepth: 128,iops :
iodepth: 256,iops :
iodepth: 512,iops :
iodepth: 1024,iops :
iodepth: 2048,iops :
iodepth: 4096,iops :
iodepth: 1,iops :
iodepth: 2,iops :
iodepth: 4,iops :
iodepth: 8,iops :
iodepth: 16,iops :
iodepth: 32,iops :
iodepth: 64,iops :
iodepth: 128,iops :
iodepth: 256,iops :
iodepth: 512,iops :
iodepth: 1024,iops :
iodepth: 2048,iops :
iodepth: 4096,iops :
iodepth: 1,iops :
iodepth: 2,iops :
iodepth: 4,iops :
iodepth: 8,iops :
iodepth: 16,iops :
iodepth: 32,iops :
iodepth: 64,iops :
iodepth: 128,iops :
iodepth: 256,iops :
iodepth: 512,iops :
iodepth: 1024,iops :
iodepth: 2048,iops :
iodepth: 4096,iops :
